IP_Address,URL,Status_Code,Timestamp
237.255.127.135,/home,500,2024-10-26 10:48:14.721214
241.189.167.155,/product,200,2024-10-29 10:48:14.721262
212.190.179.121,/home,200,2024-11-06 10:48:14.721282
239.174.110.163,/about,500,2024-10-29 10:48:14.721301
135.183.110.120,/contact,500,2024-10-11 10:48:14.721319
242.119.137.141,/home,404,2024-10-26 10:48:14.721338
143.234.104.141,/product,200,2024-10-31 10:48:14.721357
236.254.138.129,/contact,404,2024-11-07 10:48:14.721375
107.123.112.130,/contact,500,2024-11-09 10:48:14.721392
206.131.116.243,/about,200,2024-10-12 10:48:14.721411
162.218.243.138,/home,200,2024-10-18 10:48:14.721429
188.250.197.216,/home,200,2024-10-11 10:48:14.721446
200.146.137.159,/about,500,2024-10-11 10:48:14.721464
154.182.197.164,/about,404,2024-10-19 10:48:14.721482
210.183.240.221,/contact,200,2024-10-31 10:48:14.721500
100.102.219.221,/about,404,2024-11-07 10:48:14.721517
101.150.219.111,/product,200,2024-11-09 10:48:14.721543
232.139.213.182,/home,404,2024-11-10 10:48:14.721562
178.140.127.214,/about,500,2024-11-06 10:48:14.721581
114.124.158.176,/home,500,2024-11-03 10:48:14.721599
195.172.116.214,/contact,200,2024-11-10 10:48:14.721616
152.191.164.203,/contact,200,2024-10-24 10:48:14.721634
189.195.122.187,/home,404,2024-10-16 10:48:14.721651
149.166.220.207,/about,200,2024-11-02 10:48:14.721669
221.102.227.170,/product,500,2024-10-17 10:48:14.721687
173.140.151.135,/home,500,2024-10-15 10:48:14.721705
147.197.188.233,/product,200,2024-11-10 10:48:14.721722
143.212.172.206,/about,200,2024-10-23 10:48:14.721739
137.191.132.219,/home,200,2024-10-25 10:48:14.721756
127.142.213.204,/home,200,2024-10-27 10:48:14.721774
249.204.215.245,/home,200,2024-10-15 10:48:14.721791
202.145.242.239,/home,404,2024-10-14 10:48:14.721808
161.239.239.233,/about,404,2024-10-31 10:48:14.721826
215.245.184.212,/product,500,2024-10-24 10:48:14.721843
185.246.181.142,/about,404,2024-10-17 10:48:14.721860
241.114.148.118,/home,200,2024-11-02 10:48:14.721877
233.175.123.243,/home,500,2024-10-13 10:48:14.721893
168.174.197.249,/product,500,2024-10-19 10:48:14.721914
139.220.167.110,/product,404,2024-10-23 10:48:14.721931
138.162.196.226,/product,200,2024-10-24 10:48:14.721947
212.216.203.222,/home,404,2024-10-18 10:48:14.721965
168.149.205.185,/product,200,2024-11-06 10:48:14.721982
235.176.149.184,/home,404,2024-10-24 10:48:14.721999
118.136.122.120,/contact,404,2024-10-11 10:48:14.722016
246.239.185.204,/about,200,2024-11-07 10:48:14.722033
219.170.156.143,/contact,200,2024-10-13 10:48:14.722050
126.104.221.143,/about,404,2024-10-15 10:48:14.722068
225.117.210.235,/product,500,2024-11-10 10:48:14.722085
213.239.123.118,/about,404,2024-11-05 10:48:14.722103
120.245.199.207,/contact,404,2024-10-14 10:48:14.722119
159.157.168.210,/about,500,2024-11-09 10:48:14.722137
182.171.173.113,/about,200,2024-10-21 10:48:14.722154
105.199.200.202,/home,500,2024-10-19 10:48:14.722171
100.164.128.231,/about,404,2024-10-24 10:48:14.722189
150.105.166.162,/about,404,2024-10-22 10:48:14.722207
156.134.183.213,/product,200,2024-10-23 10:48:14.722222
173.200.159.252,/product,500,2024-10-26 10:48:14.722234
221.232.228.152,/contact,200,2024-10-28 10:48:14.722245
197.216.199.102,/contact,200,2024-10-31 10:48:14.722256
128.211.154.125,/home,200,2024-10-21 10:48:14.722267
187.202.151.102,/home,404,2024-11-06 10:48:14.722278
108.155.254.201,/contact,500,2024-11-07 10:48:14.722289
221.126.137.116,/about,500,2024-10-28 10:48:14.722300
241.200.251.187,/contact,404,2024-10-29 10:48:14.722312
217.122.233.116,/product,500,2024-11-08 10:48:14.722323
145.226.204.131,/contact,500,2024-10-13 10:48:14.722338
114.214.231.147,/about,500,2024-11-09 10:48:14.722350
232.225.136.144,/contact,500,2024-11-05 10:48:14.722361
173.105.113.246,/contact,200,2024-10-23 10:48:14.722373
248.110.245.160,/contact,404,2024-10-12 10:48:14.722384
196.194.183.190,/product,500,2024-11-04 10:48:14.722395
122.179.199.162,/home,500,2024-10-12 10:48:14.722406
189.247.213.243,/contact,404,2024-11-09 10:48:14.722417
214.238.177.228,/product,200,2024-10-22 10:48:14.722428
227.235.135.247,/home,404,2024-10-27 10:48:14.722440
184.222.147.142,/home,200,2024-11-04 10:48:14.722452
213.131.239.145,/contact,200,2024-10-28 10:48:14.722463
238.213.134.197,/about,404,2024-10-18 10:48:14.722477
219.212.111.146,/contact,404,2024-10-22 10:48:14.722489
214.192.139.179,/about,404,2024-10-15 10:48:14.722506
204.228.138.106,/about,200,2024-10-21 10:48:14.722518
112.125.179.120,/product,500,2024-10-17 10:48:14.722529
203.202.157.163,/product,200,2024-10-25 10:48:14.722540
102.100.212.218,/contact,200,2024-10-26 10:48:14.722552
199.105.154.120,/about,200,2024-10-27 10:48:14.722563
145.185.242.249,/contact,500,2024-10-14 10:48:14.722574
109.149.199.240,/product,200,2024-10-17 10:48:14.722585
242.171.233.142,/product,200,2024-10-28 10:48:14.722596
129.235.187.140,/about,200,2024-10-19 10:48:14.722607
249.163.222.144,/home,200,2024-10-11 10:48:14.722624
190.172.141.247,/about,200,2024-11-07 10:48:14.722636
226.111.199.250,/about,500,2024-10-11 10:48:14.722647
138.159.193.163,/product,200,2024-11-02 10:48:14.722660
123.148.238.202,/about,500,2024-10-14 10:48:14.722675
109.154.197.189,/contact,404,2024-11-10 10:48:14.722687
124.132.147.141,/about,404,2024-10-29 10:48:14.722697
181.177.193.255,/contact,200,2024-10-17 10:48:14.722708
210.188.113.128,/product,404,2024-10-18 10:48:14.722720
154.101.143.135,/home,200,2024-10-25 10:48:14.722731
179.221.206.159,/product,404,2024-11-07 10:48:14.722742
216.227.228.201,/contact,200,2024-10-19 10:48:14.722753
198.197.199.151,/contact,200,2024-10-18 10:48:14.722764
203.159.250.150,/home,404,2024-10-25 10:48:14.722775
107.157.218.218,/product,200,2024-11-04 10:48:14.722787
149.230.119.150,/contact,200,2024-10-24 10:48:14.722798
235.181.247.117,/product,404,2024-11-05 10:48:14.722809
244.126.176.215,/about,500,2024-11-03 10:48:14.722820
103.164.204.179,/about,200,2024-10-29 10:48:14.722831
220.117.129.242,/product,200,2024-11-06 10:48:14.722842
255.107.196.110,/contact,500,2024-11-03 10:48:14.722856
225.225.244.188,/product,200,2024-11-08 10:48:14.722867
153.246.105.201,/home,500,2024-11-02 10:48:14.722879
244.216.149.128,/product,200,2024-11-01 10:48:14.722890
169.113.134.199,/home,200,2024-10-14 10:48:14.722902
144.233.217.193,/home,200,2024-10-21 10:48:14.722913
210.234.105.108,/home,500,2024-10-29 10:48:14.722924
235.127.241.108,/contact,200,2024-10-24 10:48:14.722936
210.176.143.230,/home,200,2024-11-03 10:48:14.722947
161.103.162.166,/contact,200,2024-11-09 10:48:14.722958
157.239.209.216,/about,200,2024-11-10 10:48:14.722970
155.204.156.243,/home,500,2024-10-28 10:48:14.722981
228.124.239.216,/about,404,2024-10-18 10:48:14.722992
214.184.242.103,/about,200,2024-11-06 10:48:14.723003
122.223.182.136,/product,200,2024-10-25 10:48:14.723014
159.105.145.220,/contact,500,2024-11-01 10:48:14.723025
214.184.150.122,/about,404,2024-10-18 10:48:14.723036
108.104.213.103,/home,404,2024-11-04 10:48:14.723047
109.121.232.195,/about,404,2024-10-29 10:48:14.723058
216.211.184.133,/about,404,2024-11-04 10:48:14.723069
154.191.107.137,/product,404,2024-10-12 10:48:14.723081
122.136.216.190,/home,500,2024-11-06 10:48:14.723091
191.133.179.181,/about,404,2024-10-28 10:48:14.723102
221.156.252.223,/home,500,2024-10-19 10:48:14.723114
162.160.171.181,/about,404,2024-11-08 10:48:14.723124
210.250.244.198,/home,500,2024-11-09 10:48:14.723135
199.131.223.112,/about,500,2024-11-07 10:48:14.723147
170.226.183.133,/product,404,2024-11-04 10:48:14.723158
131.196.252.126,/about,200,2024-10-18 10:48:14.723169
199.135.150.248,/home,500,2024-11-01 10:48:14.723181
158.139.177.205,/about,500,2024-10-17 10:48:14.723192
122.107.118.115,/product,200,2024-10-27 10:48:14.723203
255.106.199.248,/product,404,2024-10-23 10:48:14.723214
191.207.218.247,/about,200,2024-11-04 10:48:14.723225
177.231.121.183,/contact,500,2024-11-08 10:48:14.723236
233.101.148.192,/home,500,2024-11-09 10:48:14.723247
116.214.143.156,/product,404,2024-11-08 10:48:14.723258
154.191.234.126,/home,200,2024-10-22 10:48:14.723269
154.205.139.196,/about,200,2024-10-16 10:48:14.723280
191.181.250.255,/home,500,2024-10-13 10:48:14.723293
182.251.116.212,/contact,404,2024-10-29 10:48:14.723304
170.176.163.255,/home,404,2024-10-30 10:48:14.723315
233.143.107.192,/home,500,2024-10-20 10:48:14.723326
154.204.198.137,/home,200,2024-10-11 10:48:14.723337
219.143.220.182,/contact,404,2024-10-13 10:48:14.723349
221.251.194.228,/contact,500,2024-10-30 10:48:14.723360
130.177.117.229,/home,200,2024-10-18 10:48:14.723371
195.112.235.143,/about,200,2024-10-27 10:48:14.723382
127.225.212.133,/contact,500,2024-10-16 10:48:14.723392
235.148.231.234,/contact,404,2024-10-25 10:48:14.723403
247.231.204.152,/product,200,2024-10-13 10:48:14.723414
233.153.193.219,/product,200,2024-11-08 10:48:14.723426
160.234.119.225,/product,200,2024-10-23 10:48:14.723437
141.182.100.224,/contact,500,2024-10-29 10:48:14.723448
178.181.132.136,/about,404,2024-10-28 10:48:14.723459
100.167.140.146,/contact,404,2024-10-28 10:48:14.723470
124.103.101.133,/about,500,2024-10-28 10:48:14.723481
104.142.164.120,/home,200,2024-11-08 10:48:14.723492
107.244.143.175,/about,200,2024-10-17 10:48:14.723503
168.189.246.171,/about,500,2024-10-30 10:48:14.723514
154.207.111.249,/product,200,2024-11-01 10:48:14.723526
139.204.229.141,/home,500,2024-10-25 10:48:14.723537
235.151.203.121,/contact,200,2024-11-06 10:48:14.723549
218.254.217.194,/about,200,2024-10-28 10:48:14.723560
201.178.237.106,/product,200,2024-11-04 10:48:14.723572
246.169.188.230,/product,500,2024-10-17 10:48:14.723583
133.201.106.186,/product,200,2024-10-29 10:48:14.723595
194.115.101.216,/about,500,2024-11-07 10:48:14.723618
248.235.122.188,/about,200,2024-10-28 10:48:14.723629
154.158.106.200,/home,500,2024-11-05 10:48:14.723640
136.219.160.118,/contact,200,2024-10-14 10:48:14.723651
104.162.123.121,/about,200,2024-10-12 10:48:14.723662
199.234.181.234,/contact,500,2024-10-22 10:48:14.723673
153.219.223.240,/home,500,2024-11-04 10:48:14.723684
139.228.242.120,/about,500,2024-10-27 10:48:14.723695
121.158.247.215,/contact,500,2024-10-25 10:48:14.723706
162.239.214.139,/home,200,2024-10-29 10:48:14.723717
208.240.145.141,/contact,200,2024-10-17 10:48:14.723728
210.165.104.242,/home,200,2024-10-26 10:48:14.723739
246.114.209.163,/about,500,2024-10-31 10:48:14.723750
155.101.215.157,/product,404,2024-10-22 10:48:14.723761
163.178.200.217,/contact,200,2024-11-10 10:48:14.723772
134.175.216.165,/about,500,2024-10-11 10:48:14.723783
156.134.111.161,/home,404,2024-10-29 10:48:14.723794
104.153.105.209,/contact,500,2024-11-07 10:48:14.723805
106.101.243.254,/contact,500,2024-11-08 10:48:14.723816
129.252.105.243,/contact,500,2024-11-09 10:48:14.723827
169.240.173.100,/home,404,2024-10-13 10:48:14.723838
132.218.138.135,/product,200,2024-11-09 10:48:14.723849
222.194.145.186,/about,500,2024-10-26 10:48:14.723860
155.194.143.108,/product,500,2024-11-10 10:48:14.723871
154.156.218.178,/product,200,2024-10-16 10:48:14.723882
195.184.139.225,/product,200,2024-10-30 10:48:14.723894
162.236.120.199,/about,500,2024-11-01 10:48:14.723905
168.239.201.173,/contact,500,2024-10-11 10:48:14.723918
241.206.160.223,/contact,200,2024-11-04 10:48:14.723930
236.253.200.125,/product,404,2024-10-27 10:48:14.723941
123.130.222.128,/product,200,2024-11-07 10:48:14.723952
157.224.118.164,/home,500,2024-11-07 10:48:14.723963
204.103.213.175,/product,200,2024-11-02 10:48:14.723973
129.210.135.129,/home,200,2024-10-16 10:48:14.723984
211.213.161.181,/home,200,2024-11-09 10:48:14.723995
161.129.247.109,/product,200,2024-10-14 10:48:14.724006
108.252.199.193,/product,404,2024-10-17 10:48:14.724017
119.137.113.101,/home,500,2024-10-18 10:48:14.724027
168.177.228.111,/about,404,2024-10-21 10:48:14.724043
155.135.167.254,/product,404,2024-10-20 10:48:14.724054
131.155.108.195,/home,404,2024-11-08 10:48:14.724065
225.196.106.113,/about,200,2024-11-09 10:48:14.724075
141.126.203.151,/about,500,2024-10-27 10:48:14.724086
117.104.174.103,/home,200,2024-11-08 10:48:14.724097
175.216.195.170,/contact,500,2024-11-05 10:48:14.724107
115.225.226.119,/about,500,2024-11-03 10:48:14.724118
211.196.213.127,/contact,404,2024-10-13 10:48:14.724128
104.191.206.157,/home,404,2024-10-17 10:48:14.724139
101.173.138.200,/home,200,2024-10-27 10:48:14.724150
249.181.179.178,/contact,500,2024-10-15 10:48:14.724160
174.114.241.220,/product,404,2024-10-15 10:48:14.724171
103.145.157.101,/home,500,2024-11-01 10:48:14.724182
209.146.253.225,/product,500,2024-10-17 10:48:14.724192
170.179.121.105,/home,404,2024-10-29 10:48:14.724203
168.128.239.211,/about,200,2024-10-23 10:48:14.724214
138.239.108.193,/about,200,2024-10-28 10:48:14.724225
123.165.222.140,/about,200,2024-11-06 10:48:14.724236
127.214.210.118,/home,404,2024-10-19 10:48:14.724247
156.169.131.175,/contact,200,2024-10-11 10:48:14.724258
119.224.232.128,/about,404,2024-11-02 10:48:14.724269
141.135.127.248,/contact,500,2024-10-27 10:48:14.724280
183.248.160.156,/product,500,2024-10-24 10:48:14.724291
214.116.114.137,/contact,200,2024-10-14 10:48:14.724302
217.156.203.146,/about,404,2024-10-27 10:48:14.724313
174.152.184.158,/product,200,2024-10-18 10:48:14.724324
206.247.234.254,/home,500,2024-10-19 10:48:14.724335
129.168.142.201,/home,404,2024-10-20 10:48:14.724346
233.121.213.234,/product,500,2024-11-06 10:48:14.724357
224.101.226.144,/about,500,2024-10-29 10:48:14.724367
200.110.243.231,/about,404,2024-10-28 10:48:14.724378
192.160.188.183,/contact,200,2024-10-21 10:48:14.724389
243.240.154.101,/contact,404,2024-10-19 10:48:14.724400
206.252.248.237,/about,404,2024-11-08 10:48:14.724410
154.234.191.200,/home,404,2024-11-03 10:48:14.724421
117.220.154.152,/about,404,2024-10-11 10:48:14.724432
240.135.157.116,/about,500,2024-10-12 10:48:14.724443
136.168.128.231,/about,404,2024-10-21 10:48:14.724453
194.235.104.247,/contact,200,2024-11-03 10:48:14.724464
221.214.147.127,/about,500,2024-11-05 10:48:14.724475
125.226.248.201,/about,200,2024-10-29 10:48:14.724486
142.149.151.135,/home,404,2024-11-01 10:48:14.724496
210.153.115.178,/contact,500,2024-10-25 10:48:14.724507
255.247.197.106,/about,404,2024-11-03 10:48:14.724517
247.147.197.255,/about,500,2024-11-02 10:48:14.724528
218.175.196.206,/product,404,2024-11-05 10:48:14.724539
233.108.234.121,/about,200,2024-10-24 10:48:14.724549
201.122.214.255,/contact,500,2024-10-27 10:48:14.724560
199.133.120.140,/about,500,2024-10-15 10:48:14.724572
195.154.226.177,/product,200,2024-11-04 10:48:14.724583
218.101.217.114,/about,404,2024-10-14 10:48:14.724593
221.189.161.102,/home,200,2024-10-26 10:48:14.724604
194.131.239.217,/about,500,2024-10-16 10:48:14.724615
116.225.151.133,/contact,200,2024-11-10 10:48:14.724625
132.186.163.218,/contact,200,2024-10-14 10:48:14.724636
154.167.158.132,/product,500,2024-11-08 10:48:14.724655
160.208.152.112,/home,404,2024-11-10 10:48:14.724666
251.148.158.144,/about,200,2024-10-26 10:48:14.724677
166.134.142.251,/contact,500,2024-10-11 10:48:14.724687
146.242.199.142,/about,200,2024-10-19 10:48:14.724698
240.102.193.186,/about,404,2024-10-27 10:48:14.724709
243.117.156.150,/home,404,2024-10-13 10:48:14.724725
228.199.217.144,/home,200,2024-10-16 10:48:14.724736
127.249.231.172,/home,500,2024-11-02 10:48:14.724747
230.162.249.177,/contact,500,2024-11-02 10:48:14.724757
106.189.205.254,/home,200,2024-10-16 10:48:14.724768
117.174.250.241,/contact,200,2024-10-27 10:48:14.724779
236.104.149.199,/home,200,2024-10-11 10:48:14.724789
166.217.160.165,/contact,500,2024-10-17 10:48:14.724800
254.218.106.117,/product,200,2024-10-14 10:48:14.724811
216.166.170.193,/contact,404,2024-11-04 10:48:14.724822
217.138.225.183,/contact,500,2024-11-07 10:48:14.724833
236.150.207.160,/home,500,2024-10-15 10:48:14.724843
226.171.135.143,/product,404,2024-11-09 10:48:14.724854
232.188.160.225,/contact,200,2024-10-31 10:48:14.724864
251.146.250.119,/about,404,2024-10-12 10:48:14.724875
122.215.160.196,/home,404,2024-10-18 10:48:14.724887
196.245.158.129,/about,500,2024-10-28 10:48:14.724898
141.177.141.128,/about,404,2024-11-06 10:48:14.724908
217.142.119.108,/home,500,2024-10-16 10:48:14.724919
169.199.147.104,/contact,200,2024-10-13 10:48:14.724930
137.181.151.171,/home,404,2024-10-20 10:48:14.724941
191.239.246.189,/home,404,2024-10-27 10:48:14.724952
150.228.129.195,/product,200,2024-10-14 10:48:14.724962
219.129.111.144,/contact,404,2024-10-26 10:48:14.724973
210.182.100.173,/home,200,2024-10-22 10:48:14.724984
251.150.208.204,/contact,500,2024-10-21 10:48:14.724995
159.115.207.175,/product,500,2024-11-10 10:48:14.725006
145.219.156.215,/product,404,2024-10-13 10:48:14.725016
170.199.173.195,/contact,404,2024-10-23 10:48:14.725028
216.166.187.190,/product,500,2024-10-21 10:48:14.725038
126.186.218.108,/contact,500,2024-10-20 10:48:14.725049
109.116.153.196,/contact,404,2024-11-02 10:48:14.725060
190.242.203.139,/contact,500,2024-10-22 10:48:14.725071
189.206.234.206,/product,200,2024-10-17 10:48:14.725082
203.170.228.116,/about,500,2024-10-29 10:48:14.725093
143.168.191.148,/contact,200,2024-11-10 10:48:14.725104
214.215.206.193,/contact,500,2024-11-08 10:48:14.725115
136.152.206.239,/product,404,2024-10-12 10:48:14.725125
222.200.218.110,/about,500,2024-11-08 10:48:14.725137
129.177.102.236,/product,200,2024-11-10 10:48:14.725148
225.237.186.170,/home,200,2024-10-29 10:48:14.725158
134.115.243.161,/about,404,2024-11-10 10:48:14.725169
239.140.176.194,/contact,404,2024-10-19 10:48:14.725180
148.231.167.123,/product,404,2024-10-22 10:48:14.725190
126.116.211.140,/home,200,2024-10-21 10:48:14.725203
180.106.157.196,/contact,404,2024-10-25 10:48:14.725214
222.102.195.172,/contact,404,2024-11-08 10:48:14.725224
172.205.244.149,/home,500,2024-10-25 10:48:14.725235
109.146.236.232,/product,200,2024-10-24 10:48:14.725246
143.185.206.190,/home,500,2024-11-09 10:48:14.725257
183.175.132.187,/contact,500,2024-10-15 10:48:14.725267
198.186.151.131,/about,404,2024-10-19 10:48:14.725278
203.234.160.120,/about,404,2024-10-21 10:48:14.725289
124.240.182.139,/about,500,2024-11-07 10:48:14.725299
252.211.164.145,/contact,200,2024-10-12 10:48:14.725310
221.202.116.103,/about,404,2024-10-29 10:48:14.725321
214.154.238.144,/about,500,2024-10-25 10:48:14.725334
220.207.105.131,/product,200,2024-11-05 10:48:14.725347
185.183.218.143,/about,404,2024-10-14 10:48:14.725360
193.101.211.199,/about,500,2024-10-15 10:48:14.725373
135.206.135.102,/about,200,2024-10-27 10:48:14.725386
186.187.196.209,/home,500,2024-10-13 10:48:14.725399
226.250.226.102,/about,200,2024-10-12 10:48:14.725412
246.156.160.240,/product,200,2024-10-21 10:48:14.725437
124.172.159.172,/contact,404,2024-11-04 10:48:14.725451
113.111.169.175,/contact,200,2024-10-23 10:48:14.725465
206.216.187.140,/product,404,2024-11-02 10:48:14.725478
228.155.133.150,/contact,500,2024-11-09 10:48:14.725492
107.219.123.127,/about,404,2024-10-31 10:48:14.725506
185.176.175.190,/about,200,2024-11-03 10:48:14.725519
250.172.135.113,/contact,404,2024-11-07 10:48:14.725531
151.206.142.129,/about,500,2024-10-14 10:48:14.725545
116.203.213.233,/product,200,2024-10-31 10:48:14.725558
133.239.152.119,/product,404,2024-10-20 10:48:14.725571
190.251.115.247,/product,200,2024-10-26 10:48:14.725584
114.247.136.216,/home,200,2024-10-24 10:48:14.725597
131.184.211.165,/contact,200,2024-10-23 10:48:14.725610
111.222.237.123,/about,500,2024-10-12 10:48:14.725623
225.198.194.148,/product,404,2024-10-12 10:48:14.725636
191.209.233.243,/about,500,2024-10-18 10:48:14.725650
201.218.210.201,/contact,404,2024-10-14 10:48:14.725663
147.103.149.168,/product,500,2024-10-28 10:48:14.725675
143.122.162.219,/home,200,2024-10-17 10:48:14.725688
242.138.176.233,/contact,200,2024-10-25 10:48:14.725701
119.213.174.141,/home,200,2024-10-14 10:48:14.725714
229.254.186.143,/product,500,2024-10-25 10:48:14.725728
128.145.220.255,/product,404,2024-10-18 10:48:14.725741
177.104.199.184,/home,404,2024-11-09 10:48:14.725754
112.193.120.188,/home,500,2024-10-13 10:48:14.725767
154.210.252.181,/product,500,2024-11-06 10:48:14.725781
141.163.240.121,/home,200,2024-10-30 10:48:14.725794
171.130.114.187,/contact,200,2024-10-21 10:48:14.725807
176.178.253.123,/contact,200,2024-10-30 10:48:14.725820
247.103.216.134,/about,404,2024-11-08 10:48:14.725833
226.173.210.141,/about,200,2024-10-15 10:48:14.725846
137.222.236.110,/contact,200,2024-10-18 10:48:14.725859
162.243.218.205,/about,200,2024-10-23 10:48:14.725872
115.114.134.142,/home,200,2024-10-20 10:48:14.725885
213.188.158.139,/contact,500,2024-11-07 10:48:14.725899
160.227.133.189,/contact,500,2024-10-23 10:48:14.725912
117.216.133.173,/about,404,2024-11-10 10:48:14.725925
202.131.148.188,/home,500,2024-11-07 10:48:14.725938
179.132.132.162,/product,404,2024-10-29 10:48:14.725952
181.242.140.226,/about,404,2024-11-02 10:48:14.725966
239.235.149.146,/product,500,2024-10-15 10:48:14.725979
216.165.119.173,/product,200,2024-10-25 10:48:14.725993
103.141.204.118,/home,404,2024-10-25 10:48:14.726006
156.128.203.131,/about,200,2024-10-23 10:48:14.726019
208.228.105.207,/about,404,2024-10-19 10:48:14.726033
157.195.121.174,/product,500,2024-11-08 10:48:14.726046
151.211.134.213,/about,200,2024-10-17 10:48:14.726059
145.147.112.225,/product,500,2024-10-25 10:48:14.726072
166.242.189.138,/home,404,2024-11-05 10:48:14.726085
169.221.198.255,/home,404,2024-11-08 10:48:14.726098
106.195.179.162,/contact,500,2024-11-04 10:48:14.726111
139.204.135.168,/product,404,2024-10-24 10:48:14.726125
126.150.129.250,/contact,200,2024-10-12 10:48:14.726137
188.253.165.113,/product,404,2024-10-19 10:48:14.726151
113.192.234.220,/contact,404,2024-10-23 10:48:14.726163
161.202.132.160,/contact,200,2024-10-28 10:48:14.726176
141.112.107.208,/product,404,2024-10-28 10:48:14.726189
236.241.197.151,/home,500,2024-11-04 10:48:14.726202
145.202.132.168,/home,200,2024-10-16 10:48:14.726215
212.192.146.249,/contact,404,2024-10-25 10:48:14.726228
195.239.235.153,/about,500,2024-11-09 10:48:14.726242
112.132.168.177,/contact,500,2024-10-23 10:48:14.726255
227.122.250.177,/about,500,2024-10-11 10:48:14.726268
206.226.189.135,/contact,404,2024-11-05 10:48:14.726281
181.197.217.109,/home,200,2024-10-29 10:48:14.726299
146.246.147.244,/product,500,2024-10-31 10:48:14.726313
169.150.243.118,/home,404,2024-10-30 10:48:14.726325
181.214.121.145,/product,200,2024-11-01 10:48:14.726339
245.111.182.109,/contact,500,2024-10-22 10:48:14.726352
212.217.125.107,/home,200,2024-10-29 10:48:14.726366
234.117.146.108,/product,404,2024-11-10 10:48:14.726378
206.130.209.242,/home,500,2024-10-24 10:48:14.726391
142.130.194.169,/contact,500,2024-10-22 10:48:14.726404
121.162.204.190,/home,500,2024-10-20 10:48:14.726417
171.102.224.185,/about,500,2024-11-05 10:48:14.726431
200.206.175.150,/home,200,2024-10-22 10:48:14.726444
178.114.169.121,/home,404,2024-10-26 10:48:14.726457
147.221.175.135,/home,500,2024-10-21 10:48:14.726470
113.135.134.108,/product,500,2024-10-18 10:48:14.726482
157.193.176.169,/contact,500,2024-11-07 10:48:14.726496
104.248.243.232,/contact,500,2024-10-16 10:48:14.726509
220.230.212.136,/product,500,2024-11-01 10:48:14.726522
191.252.160.221,/about,200,2024-10-13 10:48:14.726535
166.140.137.137,/product,200,2024-10-15 10:48:14.726548
141.234.162.109,/contact,404,2024-11-03 10:48:14.726561
168.164.188.147,/about,404,2024-10-12 10:48:14.726574
195.201.237.126,/contact,200,2024-10-12 10:48:14.726588
251.199.183.230,/home,500,2024-10-24 10:48:14.726601
126.133.135.161,/product,500,2024-11-09 10:48:14.726614
116.168.104.182,/product,500,2024-10-26 10:48:14.726628
163.169.120.189,/home,200,2024-10-17 10:48:14.726641
115.251.165.216,/about,500,2024-10-31 10:48:14.726654
191.190.102.124,/home,200,2024-10-11 10:48:14.726827
139.104.208.115,/contact,404,2024-11-04 10:48:14.726847
204.128.224.194,/contact,500,2024-10-25 10:48:14.726864
255.142.221.183,/product,404,2024-10-25 10:48:14.726879
138.121.202.116,/product,404,2024-10-13 10:48:14.726893
201.164.165.192,/product,200,2024-10-12 10:48:14.726907
202.146.155.151,/home,200,2024-10-25 10:48:14.726921
254.136.159.185,/home,200,2024-10-25 10:48:14.726934
194.193.146.228,/product,500,2024-10-15 10:48:14.726948
240.185.216.179,/about,500,2024-10-26 10:48:14.726962
120.203.200.246,/contact,404,2024-10-29 10:48:14.726975
172.248.192.232,/about,200,2024-11-08 10:48:14.726988
245.152.242.107,/product,404,2024-10-14 10:48:14.727002
192.221.141.227,/contact,200,2024-10-23 10:48:14.727016
142.101.131.217,/about,200,2024-10-11 10:48:14.727030
190.248.136.247,/contact,200,2024-10-14 10:48:14.727043
249.106.224.144,/product,500,2024-10-25 10:48:14.727056
209.184.132.128,/contact,200,2024-10-26 10:48:14.727069
141.245.238.235,/contact,200,2024-10-19 10:48:14.727083
170.211.106.111,/about,500,2024-10-11 10:48:14.727096
246.226.224.178,/product,200,2024-11-08 10:48:14.727110
224.101.121.228,/product,200,2024-11-01 10:48:14.727125
112.204.135.246,/about,404,2024-10-17 10:48:14.727138
245.150.215.242,/about,500,2024-10-30 10:48:14.727152
238.122.104.204,/contact,200,2024-11-05 10:48:14.727164
144.148.130.188,/about,200,2024-10-30 10:48:14.727179
216.229.140.230,/about,500,2024-10-27 10:48:14.727192
121.192.202.171,/product,404,2024-11-07 10:48:14.727205
157.249.198.213,/product,200,2024-11-07 10:48:14.727219
163.140.144.120,/about,200,2024-11-08 10:48:14.727232
140.156.211.210,/contact,200,2024-11-03 10:48:14.727245
172.130.251.222,/about,500,2024-10-20 10:48:14.727258
134.185.229.134,/contact,500,2024-10-28 10:48:14.727271
203.180.239.187,/about,200,2024-11-09 10:48:14.727285
232.234.106.199,/contact,500,2024-10-13 10:48:14.727298
127.167.219.189,/contact,500,2024-10-15 10:48:14.727324
108.224.142.242,/home,200,2024-10-16 10:48:14.727338
173.167.119.167,/about,200,2024-10-16 10:48:14.727352
239.235.234.215,/product,500,2024-10-27 10:48:14.727364
127.234.184.149,/home,200,2024-11-04 10:48:14.727378
100.181.110.238,/about,200,2024-10-16 10:48:14.727391
118.138.249.201,/contact,404,2024-11-02 10:48:14.727405
170.110.177.223,/home,404,2024-10-20 10:48:14.727418
206.150.131.252,/product,500,2024-10-16 10:48:14.727432
146.146.200.128,/home,404,2024-10-26 10:48:14.727445
151.221.182.212,/about,500,2024-10-19 10:48:14.727458
214.211.174.148,/about,404,2024-10-14 10:48:14.727471
238.145.201.179,/home,500,2024-11-09 10:48:14.727484
241.201.168.159,/product,500,2024-10-23 10:48:14.727498
198.229.186.113,/product,500,2024-10-21 10:48:14.730946
130.201.110.237,/home,500,2024-10-31 10:48:14.730978
242.144.183.211,/home,500,2024-10-25 10:48:14.730992
194.223.152.135,/contact,404,2024-10-31 10:48:14.731004
202.213.169.140,/home,404,2024-11-03 10:48:14.731015
166.211.196.159,/contact,404,2024-11-02 10:48:14.731027
139.151.116.129,/contact,500,2024-11-02 10:48:14.731038
121.204.151.102,/about,404,2024-10-24 10:48:14.731051
113.237.159.220,/about,200,2024-10-26 10:48:14.731062
124.142.109.176,/contact,404,2024-10-20 10:48:14.731073
216.248.134.185,/product,500,2024-11-09 10:48:14.731095
179.183.173.176,/home,200,2024-11-04 10:48:14.731106
212.180.106.107,/product,200,2024-10-29 10:48:14.731116
210.229.152.180,/product,200,2024-10-24 10:48:14.731127
251.234.114.174,/home,404,2024-10-31 10:48:14.731138
224.140.156.115,/product,404,2024-11-07 10:48:14.731148
110.104.102.134,/about,200,2024-10-27 10:48:14.731159
223.254.107.173,/product,404,2024-10-20 10:48:14.731171
208.173.134.244,/about,500,2024-10-24 10:48:14.731182
245.245.194.142,/contact,404,2024-10-12 10:48:14.731193
198.239.117.121,/about,404,2024-11-07 10:48:14.731203
231.126.179.132,/product,404,2024-11-02 10:48:14.731214
161.106.175.254,/about,404,2024-10-27 10:48:14.731225
227.232.122.238,/contact,200,2024-10-16 10:48:14.731236
161.122.253.159,/contact,500,2024-10-27 10:48:14.731247
153.171.237.122,/product,404,2024-10-18 10:48:14.731258
216.211.162.123,/product,200,2024-10-23 10:48:14.731269
235.127.226.225,/product,200,2024-10-15 10:48:14.731280
241.233.126.210,/home,500,2024-10-31 10:48:14.731291
237.229.207.235,/contact,500,2024-10-28 10:48:14.731302
171.138.143.126,/contact,500,2024-11-04 10:48:14.731312
189.183.142.249,/home,404,2024-11-02 10:48:14.731323
215.223.234.159,/home,404,2024-10-30 10:48:14.731333
113.205.186.217,/home,500,2024-11-06 10:48:14.731344
119.201.118.185,/about,500,2024-10-13 10:48:14.731354
176.212.136.128,/product,500,2024-10-12 10:48:14.731365
222.194.142.107,/about,200,2024-10-16 10:48:14.731376
131.168.128.161,/home,200,2024-11-01 10:48:14.731387
102.233.210.145,/contact,200,2024-10-14 10:48:14.731397
149.127.162.239,/about,404,2024-10-26 10:48:14.731408
214.119.254.205,/home,404,2024-10-15 10:48:14.731422
215.115.240.208,/about,404,2024-10-20 10:48:14.731433
137.177.189.124,/contact,404,2024-11-03 10:48:14.731444
124.211.158.138,/home,500,2024-10-14 10:48:14.731455
243.222.233.254,/contact,500,2024-10-23 10:48:14.731465
160.196.219.225,/about,500,2024-10-15 10:48:14.731477
127.233.103.107,/product,500,2024-10-22 10:48:14.731487
245.234.190.119,/home,404,2024-11-08 10:48:14.731498
182.113.232.185,/product,500,2024-11-03 10:48:14.731509
169.120.215.224,/about,404,2024-10-28 10:48:14.731519
200.142.143.177,/contact,500,2024-10-19 10:48:14.731531
158.216.223.252,/product,500,2024-10-28 10:48:14.731542
100.221.250.147,/contact,404,2024-11-03 10:48:14.731553
127.108.236.234,/contact,404,2024-11-02 10:48:14.731564
186.113.245.211,/home,404,2024-10-13 10:48:14.731575
166.185.219.247,/contact,404,2024-10-11 10:48:14.731586
241.244.119.131,/product,500,2024-10-29 10:48:14.731597
155.110.152.211,/contact,404,2024-10-17 10:48:14.731608
107.117.109.116,/contact,404,2024-10-15 10:48:14.731619
203.148.135.179,/home,500,2024-11-01 10:48:14.731630
210.122.158.166,/product,500,2024-11-05 10:48:14.731641
254.129.101.120,/about,200,2024-10-12 10:48:14.731652
159.103.134.252,/home,200,2024-10-14 10:48:14.731664
178.244.202.121,/about,404,2024-10-24 10:48:14.731675
149.104.227.118,/contact,404,2024-10-25 10:48:14.731686
247.110.229.221,/product,200,2024-10-25 10:48:14.731697
246.171.117.216,/product,200,2024-11-04 10:48:14.731707
182.127.138.109,/product,404,2024-11-01 10:48:14.731718
173.153.195.140,/product,404,2024-10-29 10:48:14.731729
246.173.154.123,/contact,404,2024-11-08 10:48:14.731740
237.175.140.161,/product,500,2024-10-12 10:48:14.731750
157.152.204.207,/product,200,2024-10-26 10:48:14.731761
163.211.211.110,/product,500,2024-10-25 10:48:14.731772
248.217.158.133,/about,500,2024-10-26 10:48:14.731782
245.142.231.177,/contact,404,2024-11-01 10:48:14.731794
231.114.223.246,/about,200,2024-10-30 10:48:14.731804
144.102.154.109,/home,404,2024-11-02 10:48:14.731815
198.163.139.141,/contact,200,2024-11-03 10:48:14.731826
196.150.168.196,/contact,500,2024-11-10 10:48:14.731837
102.196.105.240,/about,404,2024-10-21 10:48:14.731848
211.173.201.118,/contact,500,2024-11-02 10:48:14.731859
101.149.110.196,/contact,404,2024-11-06 10:48:14.731870
242.206.197.159,/about,404,2024-10-25 10:48:14.731881
138.171.174.116,/product,500,2024-10-25 10:48:14.731891
183.134.184.232,/contact,500,2024-10-30 10:48:14.731902
111.239.114.216,/product,200,2024-11-09 10:48:14.731913
219.217.128.213,/contact,500,2024-10-15 10:48:14.731924
131.249.236.159,/product,200,2024-11-05 10:48:14.731935
109.192.215.136,/contact,500,2024-11-07 10:48:14.731946
251.200.125.235,/about,404,2024-10-18 10:48:14.731957
133.220.224.226,/about,500,2024-10-17 10:48:14.731968
174.165.161.179,/home,404,2024-10-21 10:48:14.731978
142.194.214.131,/product,404,2024-10-28 10:48:14.731989
150.175.149.215,/contact,200,2024-10-21 10:48:14.732000
223.209.113.112,/contact,500,2024-11-09 10:48:14.732011
222.197.207.218,/product,200,2024-11-02 10:48:14.732021
133.220.214.133,/product,500,2024-10-21 10:48:14.732032
156.181.140.185,/home,404,2024-10-24 10:48:14.732042
123.155.220.106,/about,500,2024-10-19 10:48:14.732053
155.206.138.156,/home,500,2024-10-25 10:48:14.732064
151.155.178.197,/home,200,2024-11-06 10:48:14.732075
214.204.120.103,/home,200,2024-10-18 10:48:14.732086
153.238.217.212,/product,200,2024-10-22 10:48:14.732097
170.133.221.239,/contact,500,2024-11-07 10:48:14.732107
242.120.231.102,/home,500,2024-10-24 10:48:14.732118
116.248.153.186,/contact,404,2024-10-11 10:48:14.732132
134.121.122.181,/about,404,2024-11-07 10:48:14.732143
168.165.101.222,/home,500,2024-10-13 10:48:14.732154
252.191.251.249,/about,200,2024-10-12 10:48:14.732165
223.210.197.177,/home,404,2024-10-27 10:48:14.732176
124.175.109.158,/about,500,2024-10-26 10:48:14.732187
135.234.209.111,/home,404,2024-10-20 10:48:14.732198
207.212.232.142,/product,500,2024-10-17 10:48:14.732212
161.188.148.239,/product,500,2024-10-11 10:48:14.732223
112.170.160.137,/about,500,2024-10-28 10:48:14.732234
100.175.203.241,/product,200,2024-10-28 10:48:14.732245
156.187.233.138,/contact,500,2024-11-08 10:48:14.732256
155.250.239.134,/about,404,2024-10-21 10:48:14.732267
228.167.233.155,/product,200,2024-10-28 10:48:14.732279
134.104.190.198,/home,200,2024-10-21 10:48:14.732289
156.128.129.214,/about,200,2024-11-03 10:48:14.732300
121.225.225.131,/product,404,2024-10-22 10:48:14.732313
145.198.104.149,/contact,404,2024-10-26 10:48:14.732323
210.161.208.214,/contact,500,2024-10-24 10:48:14.732334
209.132.172.108,/home,404,2024-10-11 10:48:14.732346
240.255.219.239,/home,200,2024-10-27 10:48:14.732356
184.121.178.221,/about,200,2024-10-17 10:48:14.732367
127.197.218.253,/contact,404,2024-10-25 10:48:14.732379
170.183.158.161,/product,500,2024-10-28 10:48:14.732389
226.237.175.227,/home,200,2024-11-08 10:48:14.732400
103.206.244.180,/product,404,2024-10-22 10:48:14.732411
170.242.125.147,/product,404,2024-11-08 10:48:14.732422
173.198.187.202,/product,200,2024-10-27 10:48:14.732432
175.177.140.202,/about,404,2024-10-25 10:48:14.732443
153.116.116.144,/about,500,2024-11-05 10:48:14.732454
111.156.132.224,/contact,500,2024-11-01 10:48:14.732465
211.169.180.242,/home,404,2024-10-22 10:48:14.732476
229.122.159.165,/home,500,2024-10-17 10:48:14.732487
221.171.163.248,/home,404,2024-10-17 10:48:14.732497
208.128.113.161,/home,200,2024-11-04 10:48:14.732508
237.182.186.100,/contact,500,2024-10-22 10:48:14.732519
144.151.241.115,/product,500,2024-10-19 10:48:14.732530
149.246.233.142,/contact,404,2024-10-11 10:48:14.732541
160.142.152.129,/about,500,2024-11-09 10:48:14.732552
247.206.189.147,/contact,500,2024-11-01 10:48:14.732563
132.101.151.238,/contact,500,2024-11-02 10:48:14.732574
242.151.105.161,/product,404,2024-10-23 10:48:14.732585
238.203.252.129,/about,404,2024-10-25 10:48:14.732595
151.225.142.136,/home,200,2024-10-21 10:48:14.732606
193.239.110.131,/home,500,2024-10-20 10:48:14.732617
254.203.181.202,/product,200,2024-10-28 10:48:14.732627
116.128.159.152,/product,200,2024-11-02 10:48:14.732638
185.159.123.240,/contact,200,2024-11-08 10:48:14.732649
200.211.165.171,/contact,500,2024-10-15 10:48:14.732660
213.107.168.151,/about,404,2024-11-06 10:48:14.732671
242.247.149.148,/home,500,2024-10-15 10:48:14.732681
132.254.233.152,/contact,404,2024-10-28 10:48:14.732692
237.226.144.217,/contact,200,2024-10-30 10:48:14.732703
248.220.163.148,/contact,404,2024-11-02 10:48:14.732714
189.210.184.157,/contact,500,2024-10-19 10:48:14.732725
109.120.166.252,/about,500,2024-10-14 10:48:14.732736
104.167.217.213,/contact,404,2024-11-04 10:48:14.732747
226.168.255.253,/product,200,2024-10-17 10:48:14.732758
135.163.125.181,/home,200,2024-10-12 10:48:14.732769
154.149.247.142,/product,200,2024-11-03 10:48:14.732780
217.127.172.232,/product,500,2024-10-29 10:48:14.732791
172.156.138.190,/product,500,2024-10-18 10:48:14.732802
123.150.234.117,/contact,404,2024-10-20 10:48:14.732813
109.130.244.174,/home,404,2024-10-20 10:48:14.732824
219.199.181.179,/home,500,2024-10-23 10:48:14.732834
100.168.253.104,/about,404,2024-10-21 10:48:14.732845
226.126.116.132,/product,500,2024-10-24 10:48:14.732856
242.133.185.107,/about,500,2024-11-08 10:48:14.732867
205.173.124.215,/contact,500,2024-10-20 10:48:14.732879
219.187.143.102,/contact,404,2024-10-26 10:48:14.732890
143.102.121.202,/product,200,2024-10-23 10:48:14.732902
151.165.130.187,/contact,200,2024-10-28 10:48:14.732913
182.221.118.108,/contact,404,2024-11-02 10:48:14.732924
191.200.100.120,/contact,404,2024-11-08 10:48:14.732934
209.206.247.235,/contact,200,2024-10-20 10:48:14.732945
166.234.153.192,/product,404,2024-10-25 10:48:14.732956
160.147.123.229,/product,500,2024-10-15 10:48:14.732968
167.103.216.170,/about,500,2024-10-17 10:48:14.732978
231.111.227.215,/about,200,2024-10-11 10:48:14.732990
231.151.217.110,/about,200,2024-11-05 10:48:14.733001
141.125.255.177,/product,200,2024-11-09 10:48:14.733012
227.246.172.207,/home,500,2024-10-31 10:48:14.733022
201.255.211.138,/contact,404,2024-10-11 10:48:14.733033
219.213.248.189,/home,500,2024-10-11 10:48:14.733044
141.211.205.212,/home,404,2024-11-10 10:48:14.733055
130.158.117.108,/home,500,2024-11-09 10:48:14.733065
112.164.189.133,/about,404,2024-10-12 10:48:14.733076
159.123.172.225,/home,404,2024-10-23 10:48:14.733087
122.186.174.229,/home,200,2024-10-20 10:48:14.733161
151.239.158.251,/home,500,2024-10-26 10:48:14.733182
203.199.178.219,/home,404,2024-10-18 10:48:14.733191
238.102.248.106,/home,404,2024-10-28 10:48:14.733199
186.253.213.242,/contact,200,2024-10-23 10:48:14.733207
107.109.180.248,/about,500,2024-10-22 10:48:14.733215
146.146.212.207,/contact,200,2024-11-02 10:48:14.733230
203.100.249.125,/home,200,2024-11-02 10:48:14.733238
157.251.214.214,/about,404,2024-10-28 10:48:14.733246
106.153.142.119,/contact,200,2024-11-08 10:48:14.733254
103.144.101.133,/contact,200,2024-10-11 10:48:14.733265
166.152.212.200,/home,404,2024-10-23 10:48:14.733274
124.254.239.156,/product,200,2024-10-27 10:48:14.733282
153.136.235.243,/home,500,2024-10-28 10:48:14.733289
160.103.204.201,/about,200,2024-11-02 10:48:14.733297
149.242.152.192,/product,500,2024-10-11 10:48:14.733305
254.208.101.134,/product,404,2024-10-17 10:48:14.733313
171.198.133.107,/home,500,2024-10-17 10:48:14.733321
215.236.163.110,/about,404,2024-10-22 10:48:14.733328
209.171.216.156,/product,200,2024-10-22 10:48:14.733336
238.160.247.179,/contact,200,2024-11-01 10:48:14.733343
111.167.219.123,/product,404,2024-11-04 10:48:14.733351
192.103.136.188,/contact,404,2024-11-07 10:48:14.733358
209.176.249.164,/about,200,2024-11-04 10:48:14.733366
229.204.135.185,/about,404,2024-11-08 10:48:14.733374
129.166.196.178,/about,500,2024-11-03 10:48:14.733382
153.187.226.116,/about,500,2024-11-05 10:48:14.733389
114.182.142.196,/contact,200,2024-10-28 10:48:14.733397
189.160.205.146,/about,200,2024-11-02 10:48:14.733405
229.249.155.157,/home,500,2024-10-13 10:48:14.733413
206.192.240.112,/product,404,2024-11-10 10:48:14.733421
127.203.141.136,/home,500,2024-10-20 10:48:14.733429
253.109.146.184,/about,404,2024-10-29 10:48:14.733437
243.102.132.197,/contact,200,2024-10-19 10:48:14.733445
248.156.246.103,/home,500,2024-11-07 10:48:14.733452
155.250.216.105,/contact,500,2024-10-24 10:48:14.733460
140.119.238.117,/home,500,2024-11-05 10:48:14.733468
246.138.221.157,/contact,200,2024-11-01 10:48:14.733476
160.131.154.199,/home,500,2024-10-22 10:48:14.733487
124.106.237.244,/product,500,2024-10-29 10:48:14.733495
221.245.118.164,/contact,500,2024-10-15 10:48:14.733504
160.223.231.210,/about,404,2024-10-17 10:48:14.733511
176.203.160.114,/home,200,2024-10-11 10:48:14.733519
219.211.112.182,/home,404,2024-11-09 10:48:14.733527
216.131.213.190,/product,500,2024-10-28 10:48:14.733535
204.151.123.206,/about,200,2024-11-04 10:48:14.733542
210.117.144.166,/product,500,2024-10-27 10:48:14.733550
182.128.228.216,/contact,200,2024-10-31 10:48:14.733558
119.160.120.179,/home,200,2024-10-24 10:48:14.733566
212.180.234.201,/contact,500,2024-11-02 10:48:14.733574
194.163.115.173,/contact,404,2024-10-25 10:48:14.733581
190.226.101.225,/contact,404,2024-11-04 10:48:14.733589
187.129.125.233,/product,500,2024-11-10 10:48:14.733596
166.120.137.148,/product,200,2024-10-22 10:48:14.733604
171.165.165.250,/contact,200,2024-10-21 10:48:14.733612
192.147.154.168,/contact,200,2024-10-26 10:48:14.733619
224.243.197.229,/product,500,2024-11-08 10:48:14.733627
100.168.179.175,/about,500,2024-10-29 10:48:14.733635
236.195.143.162,/contact,404,2024-10-23 10:48:14.733643
217.101.202.104,/contact,200,2024-10-16 10:48:14.733650
118.145.101.233,/home,500,2024-10-29 10:48:14.733658
217.175.248.192,/home,200,2024-10-26 10:48:14.733666
252.147.209.169,/product,500,2024-10-28 10:48:14.733673
105.110.197.183,/product,404,2024-11-09 10:48:14.733681
156.181.116.201,/home,200,2024-11-04 10:48:14.733689
158.247.218.125,/product,404,2024-10-28 10:48:14.733696
186.207.170.108,/product,200,2024-10-12 10:48:14.733704
194.203.181.129,/product,500,2024-10-14 10:48:14.733712
110.122.153.159,/home,404,2024-11-04 10:48:14.733720
150.186.218.126,/product,200,2024-10-16 10:48:14.733728
249.126.124.166,/about,404,2024-10-23 10:48:14.733736
251.120.170.213,/contact,200,2024-10-16 10:48:14.733743
106.147.123.220,/home,200,2024-10-21 10:48:14.733751
221.229.130.177,/home,404,2024-10-24 10:48:14.733758
146.227.153.204,/product,404,2024-10-21 10:48:14.733766
208.248.230.199,/contact,404,2024-10-24 10:48:14.733774
219.202.177.107,/about,500,2024-11-10 10:48:14.733781
113.248.153.215,/home,404,2024-10-28 10:48:14.733789
140.248.163.114,/contact,404,2024-11-09 10:48:14.733797
203.109.139.118,/home,500,2024-10-27 10:48:14.733804
254.123.177.156,/about,500,2024-10-12 10:48:14.733812
179.137.174.196,/about,404,2024-10-11 10:48:14.733820
201.122.181.143,/about,404,2024-10-28 10:48:14.733827
235.167.190.240,/contact,404,2024-10-26 10:48:14.733835
123.189.119.134,/product,404,2024-10-31 10:48:14.733842
192.224.236.188,/contact,500,2024-11-01 10:48:14.733850
178.242.228.249,/home,500,2024-10-27 10:48:14.733857
147.219.137.213,/contact,200,2024-11-01 10:48:14.733870
214.240.231.143,/contact,404,2024-11-08 10:48:14.733877
108.234.113.139,/about,500,2024-10-12 10:48:14.733885
229.223.227.212,/product,404,2024-10-14 10:48:14.733893
106.105.237.159,/about,200,2024-10-18 10:48:14.733901
128.140.191.162,/contact,404,2024-10-22 10:48:14.733908
157.223.217.174,/about,200,2024-10-11 10:48:14.733916
161.117.198.181,/contact,404,2024-11-05 10:48:14.733924
189.212.207.100,/product,200,2024-10-13 10:48:14.733932
144.185.254.170,/product,500,2024-11-10 10:48:14.733940
179.248.223.164,/about,200,2024-11-09 10:48:14.733948
177.242.134.236,/about,404,2024-11-10 10:48:14.733955
218.227.145.139,/product,200,2024-10-31 10:48:14.733963
171.245.158.111,/contact,200,2024-11-04 10:48:14.733970
162.204.161.137,/contact,500,2024-10-30 10:48:14.733983
239.109.140.111,/about,404,2024-11-10 10:48:14.733991
206.157.198.202,/home,404,2024-10-12 10:48:14.733999
243.247.172.153,/home,500,2024-11-03 10:48:14.734007
208.223.242.243,/about,500,2024-10-19 10:48:14.734015
241.191.151.251,/product,404,2024-10-19 10:48:14.734022
197.130.131.238,/about,200,2024-10-15 10:48:14.734030
161.245.233.181,/contact,404,2024-10-13 10:48:14.734038
241.246.221.134,/contact,200,2024-10-18 10:48:14.734046
102.118.173.168,/contact,404,2024-10-21 10:48:14.734053
183.108.225.110,/home,200,2024-11-06 10:48:14.734061
127.130.242.177,/contact,500,2024-10-11 10:48:14.734068
218.242.135.203,/contact,404,2024-11-03 10:48:14.734076
240.156.102.178,/product,500,2024-11-04 10:48:14.734083
140.237.191.221,/contact,500,2024-10-22 10:48:14.734091
149.203.125.213,/about,200,2024-10-18 10:48:14.734099
206.127.136.176,/product,500,2024-10-31 10:48:14.734107
122.231.155.241,/contact,500,2024-10-14 10:48:14.734115
123.161.105.183,/contact,200,2024-10-20 10:48:14.734122
240.241.131.113,/about,200,2024-10-15 10:48:14.734130
254.253.233.120,/product,500,2024-10-31 10:48:14.734137
163.166.107.230,/about,200,2024-10-25 10:48:14.734145
175.134.199.138,/contact,404,2024-10-31 10:48:14.734153
255.110.247.137,/home,200,2024-10-25 10:48:14.734160
105.159.178.174,/home,500,2024-10-29 10:48:14.734168
200.116.172.123,/contact,200,2024-11-03 10:48:14.734175
236.238.200.248,/about,500,2024-10-12 10:48:14.734183
173.248.187.189,/home,200,2024-10-17 10:48:14.734190
129.132.135.211,/product,500,2024-10-11 10:48:14.734198
188.103.120.217,/home,500,2024-11-03 10:48:14.734206
133.155.191.166,/about,500,2024-11-04 10:48:14.734214
159.224.106.155,/about,500,2024-11-05 10:48:14.734221
225.129.167.167,/product,404,2024-11-10 10:48:14.734229
103.215.200.204,/about,200,2024-10-17 10:48:14.734237
114.227.149.154,/product,404,2024-11-06 10:48:14.734244
254.104.171.238,/about,500,2024-11-02 10:48:14.734252
104.253.144.127,/product,200,2024-10-21 10:48:14.734260
138.250.192.178,/product,200,2024-10-29 10:48:14.734268
114.172.108.227,/about,200,2024-11-09 10:48:14.734275
159.158.181.155,/product,500,2024-10-18 10:48:14.734283
166.128.201.155,/product,404,2024-10-19 10:48:14.734291
183.214.186.177,/product,404,2024-10-11 10:48:14.734299
225.247.136.137,/product,500,2024-10-17 10:48:14.734306
133.215.120.217,/home,500,2024-11-02 10:48:14.734314
230.112.145.180,/contact,500,2024-10-14 10:48:14.734321
142.118.105.116,/home,500,2024-10-14 10:48:14.734329
253.210.239.205,/home,200,2024-10-16 10:48:14.734337
245.240.130.237,/product,404,2024-10-15 10:48:14.734345
160.233.251.208,/contact,500,2024-10-29 10:48:14.734352
180.192.221.128,/home,500,2024-11-05 10:48:14.734360
243.250.132.211,/about,500,2024-10-19 10:48:14.734368
120.249.231.106,/home,404,2024-10-27 10:48:14.734375
136.234.223.234,/home,200,2024-10-15 10:48:14.734384
100.184.140.186,/about,404,2024-10-16 10:48:14.734392
119.171.135.100,/contact,500,2024-10-16 10:48:14.734399
202.226.117.107,/contact,500,2024-11-09 10:48:14.734407
178.255.210.126,/contact,500,2024-10-31 10:48:14.734415
216.103.178.149,/about,404,2024-11-07 10:48:14.734422
223.228.218.247,/home,500,2024-10-31 10:48:14.734430
222.144.126.177,/home,200,2024-10-20 10:48:14.734438
142.168.242.138,/product,200,2024-11-03 10:48:14.734445
112.188.189.147,/product,404,2024-10-20 10:48:14.734453
136.184.143.108,/product,200,2024-11-10 10:48:14.734461
100.190.187.103,/contact,200,2024-10-15 10:48:14.734468
214.110.108.188,/about,500,2024-10-25 10:48:14.734475
163.165.241.168,/home,500,2024-10-15 10:48:14.734483
202.141.209.153,/about,404,2024-10-25 10:48:14.734491
233.243.194.222,/about,500,2024-10-31 10:48:14.734498
223.182.223.208,/product,404,2024-10-28 10:48:14.734505
135.223.171.194,/about,500,2024-10-17 10:48:14.734513
209.185.187.159,/contact,404,2024-11-01 10:48:14.734520
255.218.122.146,/product,500,2024-10-11 10:48:14.734528
126.162.205.221,/home,404,2024-11-08 10:48:14.734536
119.143.210.175,/about,404,2024-11-04 10:48:14.734544
250.201.118.139,/product,200,2024-11-04 10:48:14.734551
110.173.215.164,/product,404,2024-10-11 10:48:14.734559
218.237.195.153,/contact,200,2024-10-19 10:48:14.734567
201.166.146.180,/about,200,2024-10-23 10:48:14.734574
242.125.168.242,/product,200,2024-10-30 10:48:14.734582
151.137.149.168,/home,200,2024-10-17 10:48:14.734589
118.160.227.177,/home,404,2024-10-26 10:48:14.734597
250.161.190.248,/about,500,2024-11-01 10:48:14.734605
153.161.117.212,/contact,500,2024-10-29 10:48:14.734612
210.142.207.168,/home,200,2024-10-14 10:48:14.734620
104.250.126.156,/product,200,2024-10-24 10:48:14.734628
165.102.235.210,/contact,500,2024-11-10 10:48:14.734636
129.196.134.114,/about,200,2024-10-21 10:48:14.734644
236.199.198.170,/contact,404,2024-11-01 10:48:14.734651
130.253.162.189,/about,404,2024-11-08 10:48:14.734659
250.231.247.243,/contact,404,2024-10-13 10:48:14.734666
143.137.252.244,/product,404,2024-10-17 10:48:14.734674
145.197.240.111,/about,500,2024-10-21 10:48:14.734681
102.134.134.230,/product,500,2024-10-11 10:48:14.734688
243.132.178.197,/about,500,2024-11-10 10:48:14.734696
193.184.152.131,/product,500,2024-11-05 10:48:14.734708
170.169.173.108,/contact,200,2024-10-18 10:48:14.734716
190.148.246.219,/about,200,2024-10-19 10:48:14.734724
194.202.189.217,/contact,200,2024-10-22 10:48:14.734732
200.108.117.203,/product,500,2024-10-18 10:48:14.734740
172.100.198.109,/product,200,2024-10-31 10:48:14.734747
242.213.165.149,/product,500,2024-11-01 10:48:14.734756
138.226.182.211,/product,200,2024-10-12 10:48:14.734763
201.145.142.146,/product,500,2024-11-05 10:48:14.734771
224.181.254.136,/about,200,2024-10-23 10:48:14.734779
195.145.117.109,/contact,500,2024-10-29 10:48:14.734786
217.147.152.175,/about,404,2024-11-04 10:48:14.734794
140.189.193.148,/contact,200,2024-10-24 10:48:14.734802
193.194.219.228,/product,200,2024-10-20 10:48:14.734810
223.223.173.189,/contact,404,2024-10-17 10:48:14.734817
151.192.153.187,/contact,404,2024-11-01 10:48:14.734826
113.160.116.100,/home,200,2024-10-12 10:48:14.734833
124.186.120.221,/home,404,2024-10-24 10:48:14.734841
246.229.242.226,/contact,404,2024-11-04 10:48:14.734849
183.115.117.205,/home,200,2024-10-20 10:48:14.734856
218.147.169.204,/product,500,2024-10-17 10:48:14.734864
125.173.217.102,/about,500,2024-10-19 10:48:14.734871
114.176.192.155,/product,200,2024-10-15 10:48:14.734879
246.203.125.221,/home,200,2024-10-26 10:48:14.734886
134.191.112.163,/contact,404,2024-10-29 10:48:14.734895
125.161.192.239,/contact,500,2024-10-29 10:48:14.734902
151.104.254.168,/contact,500,2024-10-21 10:48:14.734910
229.128.122.236,/contact,500,2024-11-04 10:48:14.734917
245.241.165.233,/product,200,2024-10-28 10:48:14.734925
231.142.223.247,/home,500,2024-10-19 10:48:14.734932
246.158.168.136,/product,500,2024-10-11 10:48:14.734940
191.221.215.184,/home,404,2024-10-16 10:48:14.734947
196.122.211.123,/contact,404,2024-10-24 10:48:14.734955
103.201.227.132,/about,404,2024-10-28 10:48:14.734962
120.132.253.123,/home,200,2024-10-27 10:48:14.734970
253.221.201.124,/product,200,2024-11-10 10:48:14.734977
249.171.181.126,/contact,500,2024-10-27 10:48:14.734984
105.129.179.232,/contact,500,2024-10-25 10:48:14.734994
202.199.176.159,/product,500,2024-11-04 10:48:14.735001
167.112.139.142,/contact,500,2024-11-10 10:48:14.735009
120.101.123.118,/contact,200,2024-11-10 10:48:14.735016
244.160.108.212,/product,200,2024-11-05 10:48:14.735023
138.117.193.104,/about,200,2024-10-29 10:48:14.735031
251.247.131.198,/contact,500,2024-11-10 10:48:14.735039
208.210.254.190,/about,200,2024-10-14 10:48:14.735047
246.124.220.100,/about,500,2024-10-27 10:48:14.735054
213.189.217.255,/home,500,2024-10-18 10:48:14.735062
172.253.208.209,/about,500,2024-11-03 10:48:14.735070
205.150.124.254,/contact,404,2024-10-15 10:48:14.735077
138.128.152.112,/contact,404,2024-11-06 10:48:14.735085
137.114.238.178,/home,404,2024-10-21 10:48:14.735093
226.164.253.185,/home,500,2024-10-12 10:48:14.735101
118.160.228.103,/contact,404,2024-10-27 10:48:14.735108
253.162.242.149,/about,200,2024-11-01 10:48:14.735116
184.111.169.215,/about,500,2024-11-03 10:48:14.735123
119.223.169.221,/product,404,2024-11-09 10:48:14.735131
161.121.236.105,/home,404,2024-11-03 10:48:14.735138
172.120.243.215,/about,200,2024-10-13 10:48:14.735146
199.239.133.146,/about,200,2024-10-26 10:48:14.735154
156.131.230.233,/product,200,2024-11-01 10:48:14.735161
140.203.217.202,/home,404,2024-10-11 10:48:14.735169
157.164.209.141,/about,200,2024-11-06 10:48:14.735176
223.195.145.108,/contact,500,2024-11-05 10:48:14.735184
170.117.208.147,/contact,200,2024-10-25 10:48:14.735192
104.210.152.245,/about,200,2024-10-25 10:48:14.735199
139.200.154.124,/product,200,2024-10-16 10:48:14.735207
202.162.219.228,/product,404,2024-11-09 10:48:14.735215
113.247.141.103,/home,404,2024-11-03 10:48:14.735222
202.164.207.214,/product,500,2024-11-03 10:48:14.735230
117.122.123.222,/home,404,2024-10-14 10:48:14.735237
229.173.159.105,/contact,404,2024-10-19 10:48:14.735245
211.149.243.151,/contact,500,2024-11-06 10:48:14.735253
143.223.223.149,/product,200,2024-11-08 10:48:14.735262
241.161.238.237,/about,200,2024-10-24 10:48:14.735269
189.249.246.218,/home,404,2024-10-11 10:48:14.735277
126.203.223.207,/contact,200,2024-10-21 10:48:14.735285
198.225.236.129,/about,200,2024-10-11 10:48:14.735292
227.186.117.156,/about,404,2024-10-19 10:48:14.735300
182.213.116.204,/home,500,2024-10-17 10:48:14.735360
211.245.197.117,/contact,500,2024-10-26 10:48:14.735410
153.148.177.137,/about,500,2024-11-01 10:48:14.735423
134.238.219.110,/home,500,2024-11-06 10:48:14.735431
187.163.231.151,/about,404,2024-11-06 10:48:14.735440
186.126.119.221,/product,500,2024-10-24 10:48:14.735448
110.152.179.117,/contact,500,2024-10-29 10:48:14.735490
200.230.209.102,/product,404,2024-10-19 10:48:14.735500
174.165.108.146,/product,500,2024-10-14 10:48:14.735508
249.233.224.219,/contact,500,2024-11-01 10:48:14.735516
162.105.190.141,/home,404,2024-10-16 10:48:14.735543
173.159.186.102,/home,404,2024-10-19 10:48:14.735550
242.208.111.232,/about,500,2024-10-12 10:48:14.735558
177.143.253.198,/contact,200,2024-11-05 10:48:14.735566
110.234.155.118,/contact,404,2024-10-29 10:48:14.735574
128.194.166.104,/home,404,2024-10-21 10:48:14.735581
193.172.178.226,/about,200,2024-11-08 10:48:14.735590
110.164.208.218,/about,200,2024-11-03 10:48:14.735597
159.102.150.163,/product,500,2024-10-16 10:48:14.735605
143.159.182.170,/product,404,2024-10-23 10:48:14.735613
123.142.190.243,/home,404,2024-10-12 10:48:14.735621
161.254.115.192,/contact,500,2024-11-03 10:48:14.735629
108.199.207.251,/about,500,2024-10-25 10:48:14.735637
249.102.244.242,/product,200,2024-11-07 10:48:14.735645
229.219.205.222,/product,404,2024-10-11 10:48:14.735653
255.231.136.227,/home,500,2024-10-23 10:48:14.735661
119.215.103.110,/product,404,2024-10-13 10:48:14.735670
128.172.106.183,/product,404,2024-10-20 10:48:14.735677
122.230.123.177,/product,404,2024-10-30 10:48:14.735685
117.162.107.246,/contact,500,2024-10-12 10:48:14.735693
209.201.147.136,/product,404,2024-10-17 10:48:14.735700
192.192.132.207,/product,200,2024-10-22 10:48:14.735708
159.222.242.126,/about,404,2024-10-31 10:48:14.735715
215.193.208.193,/about,404,2024-10-23 10:48:14.735722
221.127.224.122,/product,200,2024-10-26 10:48:14.735730
169.198.249.184,/product,500,2024-10-13 10:48:14.735738
147.149.164.153,/product,500,2024-10-18 10:48:14.735746
139.221.140.197,/product,404,2024-10-30 10:48:14.735754
119.197.231.100,/contact,404,2024-10-30 10:48:14.735762
113.156.165.130,/product,500,2024-11-02 10:48:14.735770
184.163.153.100,/home,500,2024-10-12 10:48:14.735778
112.204.103.151,/about,404,2024-10-16 10:48:14.735785
217.183.232.195,/about,404,2024-10-22 10:48:14.735793
227.211.142.111,/product,200,2024-10-31 10:48:14.735801
179.134.202.215,/home,200,2024-10-31 10:48:14.735808
201.111.194.141,/product,200,2024-11-07 10:48:14.735816
205.253.216.232,/contact,404,2024-10-24 10:48:14.735823
155.169.111.191,/product,500,2024-10-14 10:48:14.735830
219.172.125.209,/about,404,2024-10-16 10:48:14.735838
253.129.173.133,/home,404,2024-10-15 10:48:14.735846
146.210.151.199,/contact,200,2024-10-27 10:48:14.735855
251.210.185.251,/about,500,2024-10-29 10:48:14.735863
116.140.195.188,/contact,404,2024-10-13 10:48:14.735870
